<?xml version="1.0" encoding="utf-8"?>
<FirmwarePackage version="V1.1">
<!--Firmware packages description-->
	<Package>
		<FileName>image.hpm</FileName>
		<!--Multiple files are separated by semicolons-->
		<Module>iBMC</Module>
		<Vendor>Huawei Technology Co.</Vendor>
		<Version>3.90</Version>
		<ActiveMode>Immediately</ActiveMode>
		<!--Active mode:Immediately/ResetOS/ResetServer/ResetMM/ResetBMC-->
		<SupportModel>RH2288H V3</SupportModel>
		<!--Multiple models are separated by semicolons-->
		<SupportModelUID>0x00010D00</SupportModelUID>
		<PackageName>iBMC_Firmware_3.90</PackageName>
		<UpgradeAgent>BMC</UpgradeAgent>
		<VersionPattern>(\d+)\.(\d+)\s*$</VersionPattern>
		<FileType>Firmware</FileType>
		<UpgradeTime>600</UpgradeTime>
		<MaxUpgradeTime>1200</MaxUpgradeTime>	
		<ActiveEffect>BMC</ActiveEffect>
		<ActiveTime>150</ActiveTime>
		<MaxActivetime>360</MaxActivetime>
		<UpgradeMode>AUTO</UpgradeMode>
		<Size>43516736</Size>
		<OldVersion>N/A</OldVersion>
		<ActiveTimes>N/A</ActiveTimes>
		<Object></Object>
	</Package>
</FirmwarePackage>

