<?xml version="1.0" encoding="utf-8"?>
	<FirmwarePackage version="V1.2">
		<Package>
			<PackageName>RAID_SR130-M_RU130-M_3008_Firmware_12.100.02.00</PackageName>
			<RpmName>RAID-SR130-M_RU130-M-3008-ITFW</RpmName>
			<Summary>This package is used for upgrade RAID card device firmware version</Summary>
			<Description>This Package will be upgrade device firmware version to 12.100.02.00,please use FwUpgrade or SmartProvisioning tools</Description>
			<VersionPattern></VersionPattern>
			<FileType>Firmware</FileType>
			<MaxUpgradeTime>1200</MaxUpgradeTime>
			<MaxActivetime>6000</MaxActivetime>
			<UpgradeAgent>SP</UpgradeAgent>
			<UpgradeMode>MANUAL</UpgradeMode>
			<FileName>mptsas3.rom;mpt3x64.rom;T12T1219.bin;9300_IT.bin</FileName>
			<Module>RAID</Module>
			<Version>12.100.02.00</Version>
			<ActiveMode>ResetOS</ActiveMode>
			<Vendor>Broadcom</Vendor>
			<SupportModel>LSI3008</SupportModel>
			<ProcessorArchitecture>x86</ProcessorArchitecture>
			<ReleaseUpdateVersion>2</ReleaseUpdateVersion>
			<SupportModelUID>0x1000.0x0097.0x1000.0x30e0</SupportModelUID>
		</Package>
	</FirmwarePackage>
