<?xml version="1.0" encoding="utf-8"?>
<FirmwarePackage version="V1">
<!--Firmware packages description-->
	<Package>
		<FileName>biosimage.hpm</FileName>
		<!--Multiple files are separated by semicolons-->
		<Module>BIOS</Module>
		<Vendor>Huawei Technology Co.</Vendor>
		<Version>5.22</Version>
		<ActiveMode>ResetServer</ActiveMode>
		<!--Active mode:Immediately/ResetOS/ResetServer/ResetMM/ResetBMC-->
		<SupportModel>RH2288H V3</SupportModel>
		<!--Multiple models are separated by semicolons-->
    <SupportModelUID>0x00010D00</SupportModelUID>
    <!--Multiple models are separated by semicolons-->
		<!--Upgrade RpmName. This field is used to identify Rpm for different Board.-->
		<RpmName>2288H_BC11HGSA</RpmName>
	    <!-- Upgrade Package Summary. This field is used to brief introduction.-->
		<Summary>BIOS for 2288H BC11HGSA</Summary>
	    <!--Upgrade Package Description. This field is used to Description.-->
		<Description>BIOS Upgrade Package</Description>
	</Package>
	
</FirmwarePackage>

