<?xml version="1.0" encoding="utf-8"?>
<FirmwarePackage version="V1">
<!--Firmware packages description-->
	<Package>
		<FileName>3108FW4.rom</FileName>
		<!--Multiple files are separated by semicolons-->
		<Module>RAID</Module>
		<Vendor>LSI Corporation</Vendor>
		<Version>4.660.00-8102</Version>
		<ActiveMode>ResetOS</ActiveMode>
		<!--Active mode:Immediately/ResetOS/ResetServer/ResetMM/ResetBMC-->
		<SupportModel>LSI3108</SupportModel>
		<!--Multiple models are separated by semicolons-->
		<SupportModelUID>0x1000.0x005d.0x19e5.0xd207;0x1000.0x005d.0x19e5.0xd210;0x1000.0x005d.0x19e5.0xd20f;0x1000.0x005d.0x1000.0x9361;0x1000.0x005d.0x1000.0x9364</SupportModelUID>
		<!--Multiple models are separated by semicolons,string format:vendor id,device id,subsystem vendor id,subsystem device id-->
	</Package>
</FirmwarePackage>

