<?xml version="1.0" encoding="utf-8"?>
<FirmwarePackage version="V1">
<!--Firmware packages description-->
	<Package>
		<FileName>cpldimage.hpm</FileName>
		<!--Multiple files are separated by semicolons-->
		<Module>CPLD</Module>
		<Vendor>Huawei Technology Co.</Vendor>
		<Version>1.04</Version>
		<ActiveMode>ResetServer</ActiveMode>
		<!--Active mode:Immediately/ResetOS/ResetServer/ResetMM/ResetBMC-->
		<SupportModel>RH2288H V3</SupportModel>
		<!--Multiple models are separated by semicolons-->
	</Package>
</FirmwarePackage>

