<?xml version="1.0" encoding="utf-8"?>
<FirmwarePackage version="V1.2">
<!--Firmware packages description-->
	<Package>
		<PackageName>RAID_SR430C-M_SR530C-M_SR630C-M_RU430C-M_3108_Firmware_4.680.00-8454</PackageName>
		<RpmName>RAID-SR430C-M_SR530C-M_SR630C-M_RU430C-M-3108-FW</RpmName>
		<Summary>This package is used for upgrade RAID card device firmware version</Summary>
		<Description>This Package will be upgrade device firmware version to 4.680.00-8454,please use higher version FwUpgrade-V101 or SmartProvisioning tools</Description>
		<VersionPattern></VersionPattern>
		<FileType>Firmware</FileType>
		<MaxUpgradeTime>1200</MaxUpgradeTime>
		<MaxActivetime>6000</MaxActivetime>
		<UpgradeAgent>SP</UpgradeAgent>
		<UpgradeMode>MANUAL</UpgradeMode>
		<FileName>3108FW4.rom</FileName>
		<!--Multiple files are separated by semicolons-->
		<Module>RAID</Module>
		<Vendor>LSI Corporation</Vendor>
		<Version>4.680.00-8454</Version>
		<ActiveMode>ResetOS</ActiveMode>
		<!--Active mode:Immediately/ResetOS/ResetServer/ResetMM/ResetBMC-->
		<SupportModel>LSI3108</SupportModel>
		<ProcessorArchitecture>x86</ProcessorArchitecture>
		<ReleaseUpdateVersion>1</ReleaseUpdateVersion>
		<!--Multiple models are separated by semicolons-->
		<SupportModelUID>0x1000.0x005d.0x19e5.0xd207;0x1000.0x005d.0x19e5.0xd210;0x1000.0x005d.0x19e5.0xd20f;0x1000.0x005d.0x1000.0x9361;0x1000.0x005d.0x1000.0x9364</SupportModelUID>
		<!--Multiple models are separated by semicolons,string format:vendor id,device id,subsystem vendor id,subsystem device id-->
	</Package>
</FirmwarePackage>

