<?xml version="1.0" encoding="utf-8"?>
<FirmwarePackage version="V1">
<!--Firmware packages description-->
	<Package>
		<FileName>image.hpm</FileName>
		<!--Multiple files are separated by semicolons-->
		<Module>iBMC</Module>
		<Vendor>Huawei Technology Co.</Vendor>
		<Version>2.57</Version>
		<ActiveMode>ResetBMC</ActiveMode>
		<!--Active mode:Immediately/ResetOS/ResetServer/ResetMM/ResetBMC-->
		<SupportModel>RH2288H V3</SupportModel>
		<!--Multiple models are separated by semicolons-->
		<SupportModelUID>0x00010D00</SupportModelUID>
	</Package>
</FirmwarePackage>

